"""Steer Clear: What to Avoid When Buying a Home in Greenville, SC"""
"""Insider Secrets: Unveiling Hidden Gems in Columbia, SC's Real Estate Market"""
"""5 Compelling Reasons to Make Columbia, SC Your Next Home Sweet Home"""
"""Top 10 Reasons to Consider Moving to Mount Carmel, SC: A Hidden Gem for Homebuyers"""
"""How to Navigate the Real Estate Market in Moncks Corner, SC: Your Ultimate Guide to Buying and Selling"""
"""How to Navigate Greenville, SC's Real Estate Market: A Comprehensive Guide for New Home Buyers"""
"""Your Step-by-Step Guide to Finding the Perfect Home in Sumter, SC"""
"""Top 10 Reasons to Call Mount Pleasant, SC Your New Home: A Guide to Its Hidden Gems"""
"""Unlocking Greenville: Insider Secrets to Navigating the Hidden Gems of SC’s Real Estate Market"""
"""How to Navigate Goose Creek, SC's Real Estate Market: A Comprehensive Guide for Homebuyers and Investors"""
"""The Definitive Guide to Buying a Home in Eastover, SC: What You Need to Know"""
"""Starting Your Charleston Dream: A Beginner’s Guide to Buying Real Estate in Charleston, SC"""
"""Insider Secrets: Unveiling the Hidden Gems of Florence, SC Real Estate"""
"""Unveiling Market Trends: A Comprehensive Analysis of Florence, SC’s Real Estate Landscape"""
"""Moncks Corner Magic: A Comparative Guide to Real Estate in South Carolina's Hidden Gem"""
"""How Our Family Found Our Dream Home in Goose Creek, SC: A Personal Journey"""
"""How to Navigate Columbia, SC's Real Estate Market: A Comprehensive Guide for Homebuyers and Investors"""
"""How to Navigate the Allendale, SC Real Estate Market: Your Ultimate Guide to Buying and Selling"""
"""The Definitive Guide to Living in Moncks Corner, SC: What Every Prospective Homebuyer Needs to Know"""
"""Steering Clear in Columbia: Top Pitfalls to Avoid When Buying Real Estate in South Carolina's Capital"""
"""Unlocking York, SC Real Estate Secrets: An Expert Interview with Top Local Agent"""
"""How to Navigate the Columbia, SC Real Estate Market: A Comprehensive Guide for Buyers and Sellers"""
"""How to Navigate the Florence, SC Real Estate Market: A Comprehensive Guide for Homebuyers and Investors"""
"""Steering Clear in Greenville: Top 5 Neighborhood Pitfalls to Avoid When Buying a Home in Greenville, SC"""
"""How We Found Our Dream Home in the Heart of Piedmont, SC: A Family’s Journey"""
"""Seasonal Secrets: Maximizing Your Home's Appeal in Columbia, SC - A Guide to Selling in Every Season"""
"""How We Found Our Dream Home in the Heart of Charleston: A Personal Journey Through the Holy City's Real Estate"""
"""5 Reasons Why Laurens, SC is the Hidden Gem for Homebuyers"""
"""Debunking Myths: The Surprising Truths About Living in Goose Creek, SC"""
"""Unveiling Charleston: The Hidden Real Estate Secrets They Don't Want You to Know"""
"""How to Navigate the Columbia, SC Real Estate Market: A Step-by-Step Guide for First-Time Homebuyers"""
"""Your Step-by-Step Guide to Finding Your Dream Home in Columbia, SC"""
"""The Definitive Guide to Buying Property in North Myrtle Beach, SC: What You Need to Know"""
